date,open,high,low,close,volume,Name
2/8/2013,14.77,14.88,14.52,14.62,9197133,DAL
2/11/2013,14.66,14.9,14.61,14.69,7583776,DAL
2/12/2013,14.64,14.79,14.46,14.5,7146775,DAL
2/13/2013,14.57,14.8,14.5,14.78,7230362,DAL
2/14/2013,14.6,14.68,14.02,14.24,17917839,DAL
2/15/2013,14.37,14.56,14.31,14.45,14249465,DAL
2/19/2013,14.4,14.62,14.2,14.3,12246285,DAL
2/20/2013,14.29,14.32,13.78,13.82,13826728,DAL
2/21/2013,13.96,13.99,13.16,13.56,21228568,DAL
2/22/2013,13.56,13.77,13.39,13.75,8462715,DAL
2/25/2013,13.84,14.34,13.82,14.02,16935296,DAL
2/26/2013,13.94,14,13.6,13.9,11452117,DAL
2/27/2013,13.89,14.35,13.85,14.27,7946610,DAL
2/28/2013,14.34,14.42,14.23,14.27,7523444,DAL
3/1/2013,14.26,15.08,14.26,14.82,16028376,DAL
3/4/2013,14.75,15.89,14.61,15.65,25402812,DAL
3/5/2013,15.71,15.93,15.67,15.86,12264228,DAL
3/6/2013,16,16.07,15.465,15.67,12824771,DAL
3/7/2013,15.7,15.93,15.59,15.9,6444054,DAL
3/8/2013,16.14,16.4,15.81,16.24,18025734,DAL
3/11/2013,16.05,16.42,15.77,16.23,11617216,DAL
3/12/2013,16.2,16.3,15.97,16.03,9584199,DAL
3/13/2013,15.95,16.41,15.95,16.36,11475544,DAL
3/14/2013,16.34,16.48,16.17,16.28,9249191,DAL
3/15/2013,16.15,16.23,15.82,16,15200424,DAL
3/18/2013,15.83,16.38,15.755,16.27,7994738,DAL
3/19/2013,16.42,16.73,16.3,16.54,9136970,DAL
3/20/2013,16.71,17.09,16.58,17.07,13071851,DAL
3/21/2013,16.94,17.25,16.83,16.84,10704542,DAL
3/22/2013,17.03,17.04,16.59,16.71,10070507,DAL
3/25/2013,16.78,16.88,16.22,16.31,11365904,DAL
3/26/2013,16.5,16.6899,16.29,16.55,10005383,DAL
3/27/2013,16.37,16.76,16.285,16.59,7921721,DAL
3/28/2013,16.69,16.94,16.47,16.51,10111078,DAL
4/1/2013,16.43,16.94,16.25,16.25,10897687,DAL
4/2/2013,15.4,15.58,14.77,14.94,41031013,DAL
4/3/2013,14.98,15.14,14.26,14.56,26394954,DAL
4/4/2013,14.42,14.85,14.41,14.75,16123131,DAL
4/5/2013,14.04,14.62,13.94,14.39,38513339,DAL
4/8/2013,14.6,14.98,14.4001,14.93,12334009,DAL
4/9/2013,15.17,15.24,14.75,14.8,14994769,DAL
4/10/2013,14.92,15.32,14.87,15.25,11900304,DAL
4/11/2013,15.25,15.74,15.25,15.55,11817699,DAL
4/12/2013,15.49,15.91,15.39,15.48,8502034,DAL
4/15/2013,15.58,15.69,14.71,14.91,15396447,DAL
4/16/2013,15.4,15.89,15.27,15.87,11531039,DAL
4/17/2013,15.69,15.7,15.2,15.53,22305559,DAL
4/18/2013,15.53,15.53,15.07,15.15,14416076,DAL
4/19/2013,15.22,15.465,14.85,15.26,9013469,DAL
4/22/2013,15.33,15.7,14.91,15.14,17102631,DAL
4/23/2013,14.93,16.75,14.84,16.72,28040579,DAL
4/24/2013,16.62,16.75,16.32,16.47,11143351,DAL
4/25/2013,16.51,16.9,16.28,16.29,20772854,DAL
4/26/2013,16.35,16.87,16.18,16.81,11495032,DAL
4/29/2013,16.74,17.1,16.675,16.95,10949977,DAL
4/30/2013,16.93,17.33,16.75,17.14,12023650,DAL
5/1/2013,17.26,17.55,16.679,16.84,13514599,DAL
5/2/2013,16.87,17.54,16.69,17.49,16788159,DAL
5/3/2013,17.72,18.305,17.68,17.96,17301888,DAL
5/6/2013,17.99,18.24,17.77,18.06,7968631,DAL
5/7/2013,18.06,18.15,17.9,18.08,7301341,DAL
5/8/2013,18.25,18.84,18.25,18.66,26614806,DAL
5/9/2013,18.73,18.88,17.63,17.7,23001575,DAL
5/10/2013,17.82,18.24,17.72,18.13,11567190,DAL
5/13/2013,18.08,18.18,17.78,17.89,8181633,DAL
5/14/2013,18,18.27,17.95,18.25,8453592,DAL
5/15/2013,18.3,19.43,18.2501,18.96,21079420,DAL
5/16/2013,18.95,19.3,18.62,18.64,10452418,DAL
5/17/2013,18.73,18.95,18.44,18.54,10415748,DAL
5/20/2013,18.58,18.8653,18.22,18.36,8101732,DAL
5/21/2013,18.36,18.445,17.9,18.13,9162316,DAL
5/22/2013,18.2,18.512,18.1,18.18,10268318,DAL
5/23/2013,17.85,18.55,17.68,18.49,9341818,DAL
5/24/2013,18.21,18.93,18.21,18.93,11080232,DAL
5/28/2013,19.12,19.25,18.48,18.72,9910477,DAL
5/29/2013,18.53,18.62,17.75,18.08,13291011,DAL
5/30/2013,18.22,18.4,18.07,18.1,5579154,DAL
5/31/2013,18.1,18.42,17.97,18.01,7023743,DAL
6/3/2013,18.12,18.365,17.55,17.81,9934055,DAL
6/4/2013,17.97,18.66,17.8,18.09,12083160,DAL
6/5/2013,17.99,18.1,17.35,17.56,10279468,DAL
6/6/2013,17.5,17.79,16.94,17.49,12921064,DAL
6/7/2013,17.75,18.38,17.65,18.38,10492855,DAL
6/10/2013,18.47,18.69,18.21,18.59,7801182,DAL
6/11/2013,18.27,18.73,18.06,18.52,8208133,DAL
6/12/2013,18.68,18.8,18.01,18.07,6379347,DAL
6/13/2013,18.09,18.8,17.91,18.71,12372788,DAL
6/14/2013,18.63,18.96,18.53,18.85,10444905,DAL
6/17/2013,18.97,19.05,18.59,18.82,8832447,DAL
6/18/2013,18.8,19.05,18.64,18.97,5267152,DAL
6/19/2013,18.99,19.04,18.69,18.69,4749606,DAL
6/20/2013,18.47,18.75,18.23,18.41,11287335,DAL
6/21/2013,18.54,18.66,17.82,18.28,10310547,DAL
6/24/2013,18.09,18.09,17.29,17.36,12095506,DAL
6/25/2013,17.57,18.23,17.57,18.15,9023685,DAL
6/26/2013,18.25,18.43,18.09,18.41,4871034,DAL
6/27/2013,18.48,18.7,18.25,18.69,4855001,DAL
6/28/2013,18.61,18.87,18.51,18.71,7486388,DAL
7/1/2013,18.8,19.73,18.8,19.36,13262562,DAL
7/2/2013,19.36,19.42,18.66,18.99,8701966,DAL
7/3/2013,18.73,18.9,18.3,18.41,6577980,DAL
7/5/2013,18.84,19.18,18.71,19,6663519,DAL
7/8/2013,19.15,19.25,18.9501,19.03,4717899,DAL
7/9/2013,19.17,19.57,19.08,19.33,6139173,DAL
7/10/2013,19.36,19.64,18.52,18.7,15695219,DAL
7/11/2013,19.06,19.11,18.45,18.86,9921807,DAL
7/12/2013,18.88,19.39,18.79,19.29,8800779,DAL
7/15/2013,19.45,19.68,19.22,19.44,6599569,DAL
7/16/2013,19.5,19.59,19.2,19.29,5465574,DAL
7/17/2013,19.31,20.19,19.31,19.92,11346164,DAL
7/18/2013,20,20.7,20,20.56,15288130,DAL
7/19/2013,20.28,20.42,20.03,20.29,7418149,DAL
7/22/2013,20.21,20.39,20.08,20.37,4967610,DAL
7/23/2013,20.46,20.55,20.06,20.45,8768107,DAL
7/24/2013,21.08,21.64,20.72,20.8,17975304,DAL
7/25/2013,20.97,21.5,20.7601,21.48,12552059,DAL
7/26/2013,21.27,21.985,21.15,21.9,8877922,DAL
7/29/2013,21.82,22.01,21.22,21.32,7833828,DAL
7/30/2013,21.48,21.5,20.98,21.19,7459823,DAL
7/31/2013,21.33,21.44,21.13,21.23,5684558,DAL
8/1/2013,21.53,22.05,21.4,22.05,9939801,DAL
8/2/2013,21.97,22.02,21.74,21.95,6653134,DAL
8/5/2013,21.85,21.96,21.57,21.71,4653890,DAL
8/6/2013,21.71,21.75,20.97,20.98,6922298,DAL
8/7/2013,20.95,21.09,20.51,20.98,5775397,DAL
8/8/2013,21.24,21.35,20.98,21.06,6645525,DAL
8/9/2013,21.09,21.1,20.54,20.57,6656701,DAL
8/12/2013,20.51,21.09,20.45,21.04,8249955,DAL
8/13/2013,21.14,21.31,18.53,19.55,71977135,DAL
8/14/2013,19.3,19.43,18.75,19.04,30587372,DAL
8/15/2013,19.08,19.75,18.95,19.53,17556833,DAL
8/16/2013,19.6,20.1801,19.53,19.83,11501705,DAL
8/19/2013,19.77,19.79,19.01,19.13,8353221,DAL
8/20/2013,19.31,19.48,18.98,19.19,13644404,DAL
8/21/2013,19.27,19.77,19.1706,19.56,12700643,DAL
8/22/2013,19.69,20.4,19.69,20.25,13194891,DAL
8/23/2013,20.28,20.44,20.05,20.12,6312805,DAL
8/26/2013,20.14,20.55,19.85,20.27,10380249,DAL
8/27/2013,19.62,19.66,18.85,19.11,19935020,DAL
8/28/2013,19.08,19.22,18.92,19.13,10242783,DAL
8/29/2013,19.6201,20,19.33,19.64,12970228,DAL
8/30/2013,19.7,20.15,19.58,19.73,12920006,DAL
9/3/2013,20.05,20.45,19.57,19.84,16288332,DAL
9/4/2013,20.1701,20.44,20,20.31,12531878,DAL
9/5/2013,20.33,20.74,20.2,20.25,9206386,DAL
9/6/2013,20.51,20.61,19.75,19.89,12240923,DAL
9/9/2013,20.85,21.785,20.76,21.76,48673985,DAL
9/10/2013,22.11,23.13,21.97,22.63,206363059,DAL
9/11/2013,22.43,22.71,22.3,22.42,27856128,DAL
9/12/2013,22.33,22.44,22.08,22.17,26098888,DAL
9/13/2013,22.2,22.59,22.15,22.47,15015627,DAL
9/16/2013,22.98,23.57,22.78,23.15,21623954,DAL
9/17/2013,23.66,23.71,23.07,23.32,14279363,DAL
9/18/2013,23,23.55,22.91,23.31,17592066,DAL
9/19/2013,23.32,23.59,23.08,23.45,9416188,DAL
9/20/2013,23.58,23.72,23.2501,23.3,14547457,DAL
9/23/2013,23.31,23.51,23.14,23.32,9872410,DAL
9/24/2013,23.25,24.1,23.25,23.76,11150940,DAL
9/25/2013,23.8,23.84,23.2,23.81,11789054,DAL
9/26/2013,23.79,24.02,23.64,24.01,12969071,DAL
9/27/2013,23.38,23.95,23.1,23.57,16040371,DAL
9/30/2013,23.16,23.69,22.71,23.59,10830267,DAL
10/1/2013,23.68,24.22,23.63,24.21,15105937,DAL
10/2/2013,24.55,24.77,24.11,24.25,21639249,DAL
10/3/2013,24.49,24.7,23.9001,24.54,16929515,DAL
10/4/2013,24.69,25.43,24.55,25.19,17398258,DAL
10/7/2013,24.95,25.09,24.81,24.85,8462727,DAL
10/8/2013,24.76,24.82,24.05,24.23,12507203,DAL
10/9/2013,24.29,24.545,23.72,24.25,10944389,DAL
10/10/2013,24.64,24.94,24.38,24.51,12480393,DAL
10/11/2013,24.58,24.79,24.17,24.4,12402205,DAL
10/14/2013,24.2,24.35,23.77,24.11,18372400,DAL
10/15/2013,24.1,24.27,23.83,24.02,11664592,DAL
10/16/2013,24.18,24.51,23.88,24.42,10759738,DAL
10/17/2013,24.38,24.9,24.38,24.79,12646419,DAL
10/18/2013,24.97,25.175,24.82,25.01,11466718,DAL
10/21/2013,25.2,25.23,24.46,24.69,12840784,DAL
10/22/2013,25.56,26.24,25.26,25.49,22623259,DAL
10/23/2013,25.44,25.95,25.29,25.61,12626860,DAL
10/24/2013,25.85,26.47,25.67,26.32,18251863,DAL
10/25/2013,26.3,26.68,26.05,26.31,13052870,DAL
10/28/2013,26.42,26.44,25.98,26.14,9505328,DAL
10/29/2013,26.34,26.69,26.24,26.35,9611178,DAL
10/30/2013,26.59,26.72,26,26.48,12238311,DAL
10/31/2013,26.47,26.62,26.26,26.38,10144290,DAL
11/1/2013,26.46,26.94,26.05,26.7,13658555,DAL
11/4/2013,27.13,27.785,27.01,27.44,17463774,DAL
11/5/2013,27.7,27.71,27.115,27.46,13766207,DAL
11/6/2013,27.66,27.7,26.77,26.88,13375941,DAL
11/7/2013,27.01,27.39,26.6,26.68,13309376,DAL
11/8/2013,26.64,27.6325,26.62,26.89,17580812,DAL
11/11/2013,27.19,27.56,27.13,27.47,7869152,DAL
11/12/2013,27.44,28.47,27.43,28.12,29657624,DAL
11/13/2013,28.11,28.22,27.58,27.79,11977254,DAL
11/14/2013,27.89,28.19,27.68,27.94,10551939,DAL
11/15/2013,28.01,28.19,27.785,28.12,10508616,DAL
11/18/2013,28.27,28.7,28.05,28.12,13632463,DAL
11/19/2013,28.16,28.745,27.83,27.85,13899981,DAL
11/20/2013,27.99,28.08,27.42,27.71,12442421,DAL
11/21/2013,27.85,28.13,27.7201,28.04,8489660,DAL
11/22/2013,28.25,28.9,28.25,28.6,14684623,DAL
11/25/2013,29,29.389,28.72,29.17,14535798,DAL
11/26/2013,29.18,29.24,28.74,29.04,10972105,DAL
11/27/2013,29.17,29.42,29,29.34,9180302,DAL
11/29/2013,29.42,29.435,28.86,28.98,5589070,DAL
12/2/2013,29,29.42,28.91,29,8905441,DAL
12/3/2013,28.95,28.97,27.84,28.05,17546507,DAL
12/4/2013,27.99,28.01,27.3,27.61,15919705,DAL
12/5/2013,27.63,28.01,27.62,27.94,13601405,DAL
12/6/2013,28.37,28.675,28.11,28.23,11333601,DAL
12/9/2013,28.26,28.95,28.2,28.88,11504596,DAL
12/10/2013,28.83,29.12,28.57,28.77,10638744,DAL
12/11/2013,28.85,29.05,27.65,27.66,16744139,DAL
12/12/2013,27.77,28.42,27.75,28.21,11556286,DAL
12/13/2013,28.4,28.78,28.25,28.37,11055649,DAL
12/16/2013,28.67,28.77,27.82,27.92,11248441,DAL
12/17/2013,27.95,27.96,26.8986,26.94,17570876,DAL
12/18/2013,26.86,27.225,26.4,27.11,16447209,DAL
12/19/2013,27.39,27.72,27.31,27.51,11140200,DAL
12/20/2013,27.56,27.91,27.32,27.55,18881873,DAL
12/23/2013,27.77,27.89,27.46,27.57,7471785,DAL
12/24/2013,27.51,27.92,27.51,27.84,4899179,DAL
12/26/2013,27.86,27.98,27.59,27.88,6131397,DAL
12/27/2013,27.86,27.89,26.86,27.03,9962199,DAL
12/30/2013,26.94,27.38,26.89,27.19,7571061,DAL
12/31/2013,27.23,27.65,27.2,27.47,9152750,DAL
1/2/2014,27.26,28.05,27.26,27.7,11704363,DAL
1/3/2014,28.37,29.36,28.24,29.23,19114454,DAL
1/6/2014,29.43,29.8,29.05,29.29,15782953,DAL
1/7/2014,29.44,29.6599,28.59,28.78,13042162,DAL
1/8/2014,28.77,30.1,28.6101,29.8,17931187,DAL
1/9/2014,30.54,31.5793,30.4,31.06,18693398,DAL
1/10/2014,31.19,31.48,30.66,31.47,13204275,DAL
1/13/2014,31.77,31.78,30.87,30.92,15117536,DAL
1/14/2014,31.08,32.07,31.02,32.01,14282492,DAL
1/15/2014,32.3,32.3,31.08,31.5,18089310,DAL
1/16/2014,31.46,31.73,31.33,31.58,7461938,DAL
1/17/2014,31.27,31.39,30.88,31.07,15845098,DAL
1/21/2014,32.39,32.65,31.65,32.08,17961120,DAL
1/22/2014,32.38,32.92,32.285,32.84,11553876,DAL
1/23/2014,32.55,32.6875,32.1,32.5,13400762,DAL
1/24/2014,32.03,32.31,30.96,31.11,14895241,DAL
1/27/2014,31.22,31.59,29.655,30.59,19143375,DAL
1/28/2014,30.58,31.51,30.54,30.9,11920519,DAL
1/29/2014,30.44,31.2855,29.78,29.92,16382417,DAL
1/30/2014,30.45,30.87,30.28,30.58,10041566,DAL
1/31/2014,30.19,30.84,29.995,30.61,11442456,DAL
2/3/2014,30.64,30.8,29.22,29.38,16906999,DAL
2/4/2014,30,30.03,29.26,29.94,14441233,DAL
2/5/2014,29.66,30.1,29.12,30.02,13896187,DAL
2/6/2014,30.01,31.34,29.81,30.89,9461912,DAL
2/7/2014,31.33,31.85,31.08,31.65,12930098,DAL
2/10/2014,31.75,31.8,30.93,31.21,10752356,DAL
2/11/2014,31.3,31.44,30.62,31.41,12512044,DAL
2/12/2014,31.51,31.51,30.78,31.13,9538768,DAL
2/13/2014,30.79,31.5,30.4301,31.35,8718849,DAL
2/14/2014,31.19,31.62,30.94,31.34,7025955,DAL
2/18/2014,31.36,31.59,30.915,30.92,10429436,DAL
2/19/2014,30.82,31.04,30.44,30.57,10557745,DAL
2/20/2014,30.58,31.885,30.55,31.84,12151484,DAL
2/21/2014,31.88,32.19,31.71,31.76,9632926,DAL
2/24/2014,31.92,32.7299,31.84,32.45,11242179,DAL
2/25/2014,32.62,33.5,32.62,33.24,15333593,DAL
2/26/2014,33.46,33.75,33.09,33.51,11732721,DAL
2/27/2014,33.39,33.95,33.28,33.32,10862170,DAL
2/28/2014,32.93,33.45,32.66,33.21,10865236,DAL
3/3/2014,32.39,32.73,31.9,32.59,14410504,DAL
3/4/2014,33.5,34.72,33.485,34.45,13590275,DAL
3/5/2014,34.85,35.15,34.61,34.72,11337280,DAL
3/6/2014,35.06,35.58,35.03,35.37,12033454,DAL
3/7/2014,35.72,35.85,34.8,35.36,11829277,DAL
3/10/2014,35.34,35.8199,34.71,35.17,10696238,DAL
3/11/2014,35.06,35.45,34.77,34.92,9976506,DAL
3/12/2014,34.6,34.84,34.21,34.5,9953669,DAL
3/13/2014,34.76,34.78,33.29,33.58,13340734,DAL
3/14/2014,33.49,34.63,33.25,34.12,11884726,DAL
3/17/2014,34.58,34.58,33.75,34.2,9177220,DAL
3/18/2014,34.49,34.58,34.045,34.07,8857857,DAL
3/19/2014,34.1,34.32,33.33,33.73,9846152,DAL
3/20/2014,33.8,33.91,33.3,33.64,7001379,DAL
3/21/2014,34.07,34.07,32.73,32.73,22080577,DAL
3/24/2014,33.11,33.53,32.52,33.32,11290505,DAL
3/25/2014,33.46,34.51,33.46,34.43,11546721,DAL
3/26/2014,34.5,34.55,33.91,33.96,12059085,DAL
3/27/2014,33.9,34.29,32.97,34.13,11959087,DAL
3/28/2014,34.14,34.69,33.51,33.53,10434934,DAL
3/31/2014,33.75,34.91,33.75,34.65,10215864,DAL
4/1/2014,34.93,35.78,34.92,35.75,11635234,DAL
4/2/2014,35.91,36.52,35.53,35.7,12017417,DAL
4/3/2014,35.73,36.07,34.97,35.37,8909084,DAL
4/4/2014,35.69,35.7,34.48,34.61,9357537,DAL
4/7/2014,34.51,35.37,33.69,33.99,13776273,DAL
4/8/2014,33.9,34.28,32.41,33.51,16160513,DAL
4/9/2014,33.73,34.815,33.43,34.73,9558285,DAL
4/10/2014,35.1,35.14,33,33.01,14715384,DAL
4/11/2014,32.88,33.85,32.27,32.52,12682179,DAL
4/14/2014,32.86,33,31.13,31.73,15618231,DAL
4/15/2014,31.8,32.43,30.54,31.91,19273837,DAL
4/16/2014,32.22,33.73,32.17,33.62,14165209,DAL
4/17/2014,33.61,33.88,32.88,33.76,13152498,DAL
4/21/2014,33.58,34.08,33.25,33.94,8894787,DAL
4/22/2014,34.18,35.25,34.17,34.95,14114315,DAL
4/23/2014,36.87,37.41,36,37.09,22028663,DAL
4/24/2014,37.15,37.465,36.33,36.73,16537702,DAL
4/25/2014,36.5,36.61,35.78,36.07,10325515,DAL
4/28/2014,36.2,36.67,35.13,35.84,12646311,DAL
4/29/2014,36.02,36.75,35.87,36.74,10036288,DAL
4/30/2014,36.81,37.18,36.3,36.83,11962790,DAL
5/1/2014,37,37.53,36.968,37.12,11868041,DAL
5/2/2014,37.11,37.47,36.56,37.23,9365885,DAL
5/5/2014,37.01,37.7,36.63,37.55,8766552,DAL
5/6/2014,38.45,38.82,37.46,37.69,13277457,DAL
5/7/2014,37.81,38.26,37.3099,38.24,10518652,DAL
5/8/2014,38.07,38.58,37.5,37.7,11164729,DAL
5/9/2014,37.82,37.82,36.95,37.67,9852259,DAL
5/12/2014,37.77,38.69,37.74,38.65,8269886,DAL
5/13/2014,38.52,39.11,38.37,38.78,6636522,DAL
5/14/2014,38.64,38.86,38.19,38.44,8419257,DAL
5/15/2014,38.08,38.36,37.33,38.13,11212571,DAL
5/16/2014,38.04,38.19,37.41,37.86,9214296,DAL
5/19/2014,37.68,38.72,37.6,38.39,6850489,DAL
5/20/2014,38.4,38.45,37.47,37.83,9062791,DAL
5/21/2014,38.01,38.47,37.97,38.34,6500735,DAL
5/22/2014,38.37,38.85,38.29,38.63,6668677,DAL
5/23/2014,38.77,39.55,38.65,39.16,7092437,DAL
5/27/2014,39.56,39.595,39.32,39.46,7278522,DAL
5/28/2014,39.52,40.69,39.49,40.27,9579782,DAL
5/29/2014,40.32,40.65,39.64,40.14,9410974,DAL
5/30/2014,40.14,40.54,39.6733,39.91,7947474,DAL
6/2/2014,40.14,40.95,39.76,40.77,10315013,DAL
6/3/2014,40.84,41.39,40.67,41.15,11276386,DAL
6/4/2014,41.29,42.35,40.77,42.17,13825890,DAL
6/5/2014,42.47,42.659,41.48,41.5,15653790,DAL
6/6/2014,41.77,42.27,41.73,42.23,8468133,DAL
6/9/2014,42.35,42.466,41.58,41.87,9516947,DAL
6/10/2014,41.86,42.02,41.26,41.92,7034541,DAL
6/11/2014,41,41.08,39.88,40.71,23355270,DAL
6/12/2014,39.82,39.85,38.1,38.5,36342322,DAL
6/13/2014,38.51,39.63,38.48,39.24,19868133,DAL
6/16/2014,38.6,39.14,38.25,38.84,14132496,DAL
6/17/2014,39.13,39.78,39.03,39.49,11037303,DAL
6/18/2014,39.4,39.82,39.01,39.75,10161755,DAL
6/19/2014,39.83,40.3397,39.42,39.62,10210132,DAL
6/20/2014,39.75,39.97,39.405,39.57,11777256,DAL
6/23/2014,39.41,39.67,38.5699,39.07,13344150,DAL
6/24/2014,38.89,39.37,38.55,38.57,8817659,DAL
6/25/2014,38.51,39.5,38.04,39.35,8944337,DAL
6/26/2014,39.28,39.52,38.85,39.3,10651729,DAL
6/27/2014,39.26,39.41,38.93,39.33,17023721,DAL
6/30/2014,39.18,39.33,38.6,38.72,11836796,DAL
7/1/2014,39,40.41,38.9,40.31,13677934,DAL
7/2/2014,38.96,39,38.03,38.24,29010889,DAL
7/3/2014,38.35,38.96,38.29,38.6,8751625,DAL
7/7/2014,38.43,38.5,36.71,36.9,19849967,DAL
7/8/2014,35.6,36.74,34.77,36.44,43300859,DAL
7/9/2014,37.57,37.83,36.58,36.96,15679914,DAL
7/10/2014,36.2,37.69,36.08,37.45,16116710,DAL
7/11/2014,37.6,37.88,37.07,37.23,11701063,DAL
7/14/2014,37.58,37.75,37.3,37.38,8388690,DAL
7/15/2014,37.59,38.2,37.52,38.03,12021958,DAL
7/16/2014,38.33,38.41,37.725,37.87,9151226,DAL
7/17/2014,37.6,37.95,36.44,36.57,16479001,DAL
7/18/2014,36.95,37.67,36.86,37.18,10551519,DAL
7/21/2014,37.02,37.22,36.59,37.15,6599135,DAL
7/22/2014,37.44,37.89,37.37,37.68,10265435,DAL
7/23/2014,37.78,39.3,37.76,39.15,18508995,DAL
7/24/2014,39.49,39.75,37.94,38.07,14606026,DAL
7/25/2014,38.09,38.92,37.91,38.06,10060366,DAL
7/28/2014,38.37,38.53,37.82,38.19,10622895,DAL
7/29/2014,38.25,38.62,37.64,37.68,11427228,DAL
7/30/2014,37.82,38.13,37.5,37.84,10042213,DAL
7/31/2014,37.44,37.96,36.83,37.46,10682118,DAL
8/1/2014,37.38,37.75,36.9,37.58,10074709,DAL
8/4/2014,37.64,38,36.45,37.28,11250625,DAL
8/5/2014,37.01,37.22,35.87,36.23,16393801,DAL
8/6/2014,35.77,36.33,35.35,36.02,12698978,DAL
8/7/2014,36.36,36.715,35.22,35.61,11837980,DAL
8/8/2014,35.51,36.285,34.59,36.24,13960084,DAL
8/11/2014,37,37.25,36.33,36.69,10172893,DAL
8/12/2014,36.74,36.82,36.23,36.51,6490629,DAL
8/13/2014,36.69,37.5,36.57,37.27,7328916,DAL
8/14/2014,37.39,38.42,37.36,38.4,9025980,DAL
8/15/2014,38.52,38.63,37.81,38.53,10294369,DAL
8/18/2014,38.92,39.78,38.81,39.51,9094989,DAL
8/19/2014,39.73,39.9,39.3413,39.54,7092685,DAL
8/20/2014,39.62,40.62,39.6,40.52,9484202,DAL
8/21/2014,40.61,40.77,39.88,39.91,8285732,DAL
8/22/2014,39.95,40.6,39.91,40.41,6736906,DAL
8/25/2014,40.71,40.77,40.23,40.52,5645676,DAL
8/26/2014,40.55,40.7,39.88,39.9,7258885,DAL
8/27/2014,40.05,40.33,39.85,40.16,7531936,DAL
8/28/2014,39.91,40.13,39.55,39.89,5724411,DAL
8/29/2014,40,40.05,39.295,39.58,6723128,DAL
9/2/2014,39.8,40.97,39.75,40.93,11664102,DAL
9/3/2014,39.49,39.8,38.37,38.82,24332944,DAL
9/4/2014,39.22,39.5,38.82,39.29,12810321,DAL
9/5/2014,39.28,39.6101,38.721,39.22,10322776,DAL
9/8/2014,39.42,39.795,39.02,39.04,9097907,DAL
9/9/2014,38.83,39.43,38.29,38.82,9511590,DAL
9/10/2014,38.96,39.55,38.7016,39.55,9201534,DAL
9/11/2014,39.7,39.99,39.15,39.56,9353757,DAL
9/12/2014,39.43,39.96,39.3,39.69,8267567,DAL
9/15/2014,39.64,39.85,39.15,39.2,6753395,DAL
9/16/2014,39.14,39.6,38.6,39.52,7582513,DAL
9/17/2014,39.52,39.91,38.76,38.94,10553422,DAL
9/18/2014,39.11,39.55,38.9999,39.44,6513266,DAL
9/19/2014,39.62,39.68,38.64,38.64,10491028,DAL
9/22/2014,38.64,38.78,37.85,37.95,8190523,DAL
9/23/2014,37.72,38.19,37.07,37.7,11914185,DAL
9/24/2014,37.78,38.02,37.46,37.66,11253004,DAL
9/25/2014,37.41,37.49,36.44,36.66,14538538,DAL
9/26/2014,36.4,36.73,36.13,36.52,15665344,DAL
9/29/2014,36.04,36.355,35.74,36,9685093,DAL
9/30/2014,36.01,36.53,35.18,36.15,15101844,DAL
10/1/2014,35.35,35.389,34.29,34.9,24761742,DAL
10/2/2014,35.33,35.99,34.42,35.28,19366301,DAL
10/3/2014,35.97,37.14,35.96,36.95,15958488,DAL
10/6/2014,37.32,37.32,36.07,36.11,11980908,DAL
10/7/2014,35.65,35.82,35.03,35.27,16027972,DAL
10/8/2014,35.68,35.74,33.92,34.81,25265294,DAL
10/9/2014,35.51,35.94,33.61,33.71,28216298,DAL
10/10/2014,33.81,34.12,32.71,32.91,24808951,DAL
10/13/2014,33.3,33.31,30.12,30.9,41247955,DAL
10/14/2014,31.71,33.27,31.28,32.79,27229132,DAL
10/15/2014,31.08,33.5,30.43,32.38,37245147,DAL
10/16/2014,31.3,34.1156,31.25,33.32,29696643,DAL
10/17/2014,34.61,35.14,34.15,34.39,21502034,DAL
10/20/2014,35.51,36.13,35.012,36.04,19952055,DAL
10/21/2014,36.77,37.59,36.7,37.48,21355341,DAL
10/22/2014,37.66,37.86,37.25,37.3,16450852,DAL
10/23/2014,37.62,38.96,37.45,37.92,25661953,DAL
10/24/2014,37.99,39.495,37.96,39.44,19537199,DAL
10/27/2014,39.38,40.1,39.2,39.75,18958757,DAL
10/28/2014,40.07,40.15,39.47,39.84,13212203,DAL
10/29/2014,39.72,39.83,38.855,39.58,13206479,DAL
10/30/2014,39.64,39.82,38.83,39.14,14630548,DAL
10/31/2014,39.93,40.4,39.54,40.23,14618982,DAL
11/3/2014,40.28,40.745,40.23,40.61,10764960,DAL
11/4/2014,41.5,42.86,41.5,42.32,19149899,DAL
11/5/2014,42.78,42.78,41.48,41.87,13025017,DAL
11/6/2014,42.12,43.61,42.08,42.9,16694390,DAL
11/7/2014,42.95,43,42.42,42.69,10192809,DAL
11/10/2014,42.29,43.4,42.01,43.37,11142005,DAL
11/11/2014,43.57,44.28,43.51,43.84,11654960,DAL
11/12/2014,43.4,43.79,42.9,43.4,9505753,DAL
11/13/2014,43.58,44.41,43.46,44.08,11268883,DAL
11/14/2014,43.94,44.135,43.55,43.75,7982190,DAL
11/17/2014,43.66,44.19,43.38,43.43,7967386,DAL
11/18/2014,43.53,45.21,43.53,44.79,12945342,DAL
11/19/2014,44.33,44.949,43.86,44.45,9762123,DAL
11/20/2014,44,44.64,43.7,43.96,9076899,DAL
11/21/2014,44.17,44.29,42.91,43.09,14746963,DAL
11/24/2014,43.47,44.07,43.15,43.51,10597807,DAL
11/25/2014,43.57,44.33,43.31,44.08,11304862,DAL
11/26/2014,44.23,44.42,44.04,44.24,8590903,DAL
11/28/2014,46.39,47.19,46.08,46.67,16204556,DAL
12/1/2014,46.55,46.73,44.85,45.62,14651952,DAL
12/2/2014,44.93,46.2772,44.0501,44.67,18329396,DAL
12/3/2014,45.14,45.5,43.9,44.75,11034839,DAL
12/4/2014,46.07,46.94,45.55,46.42,14773181,DAL
12/5/2014,46.86,47.628,46.78,47.28,15045092,DAL
12/8/2014,47.06,47.67,46.71,47.34,14718654,DAL
12/9/2014,45.94,46.36,45.21,46.33,14036534,DAL
12/10/2014,46.89,47.34,46.07,46.22,15790781,DAL
12/11/2014,46.65,48.55,46.65,48.33,19911377,DAL
12/12/2014,49.62,49.62,47.65,47.68,15141612,DAL
12/15/2014,47.73,48.27,46.71,47.8,12391118,DAL
12/16/2014,47.9,48,45.34,45.38,19653595,DAL
12/17/2014,45.52,46.41,44.3,46.17,17272394,DAL
12/18/2014,46.4,46.95,45.68,46.77,12578445,DAL
12/19/2014,46.47,47.745,46.45,47.38,13059642,DAL
12/22/2014,47.78,48.68,47.3,47.41,8206730,DAL
12/23/2014,47.72,47.77,46.39,47.13,6611871,DAL
12/24/2014,47.47,48.16,47.27,48.05,4303380,DAL
12/26/2014,48.14,48.6,47.84,48.39,5303077,DAL
12/29/2014,48.01,48.87,47.43,48.78,6659665,DAL
12/30/2014,48.74,49.43,48.62,49.23,7318917,DAL
12/31/2014,49.58,50.159,49.1,49.19,7801706,DAL
1/2/2015,49.92,50.01,48.71,49.18,8637318,DAL
1/5/2015,49.46,49.48,47.81,48.36,10556547,DAL
1/6/2015,48.55,48.74,46.25,47.22,12880447,DAL
1/7/2015,47.48,47.59,46.51,46.97,10516211,DAL
1/8/2015,47.48,48.32,47.26,48.19,10499282,DAL
1/9/2015,48.33,48.5,46.79,46.88,8860770,DAL
1/12/2015,46.72,46.97,45.55,46.06,11573371,DAL
1/13/2015,46.68,47.75,45.955,46.61,12499135,DAL
1/14/2015,45.84,46.16,44.4701,45.31,13115651,DAL
1/15/2015,45.09,45.76,44.91,45.05,8532393,DAL
1/16/2015,45,45.895,44.61,45.84,13020121,DAL
1/20/2015,47.01,49.29,46.91,49.17,21172687,DAL
1/21/2015,48.77,49.6,48.2,49.18,14918670,DAL
1/22/2015,49.93,50.81,49.18,50.7,16033175,DAL
1/23/2015,50.35,51.06,50.06,50.56,8613617,DAL
1/26/2015,50.23,50.8253,49.95,50.15,9386182,DAL
1/27/2015,49.29,49.8999,48.91,49.18,9786613,DAL
1/28/2015,49.5,49.91,48.28,48.46,9575403,DAL
1/29/2015,48.67,50.35,48.2,50.21,9764625,DAL
1/30/2015,49.33,49.8,47.01,47.31,17133904,DAL
2/2/2015,47.1,47.16,44.81,46.51,20909783,DAL
2/3/2015,45,46.23,44.93,46.01,17598979,DAL
2/4/2015,46.55,47.45,46.43,46.96,12204291,DAL
2/5/2015,46.93,46.98,45.27,46.14,11306743,DAL
2/6/2015,45.97,46.68,45.29,45.51,10883972,DAL
2/9/2015,44.5,44.88,43.71,44.45,14026976,DAL
2/10/2015,45.13,45.74,44.74,45.32,11276448,DAL
2/11/2015,45.72,45.93,44.8,44.98,9619135,DAL
2/12/2015,44.35,44.9,43.73,44.81,15764754,DAL
2/13/2015,44.08,44.53,43.35,44.5,16355663,DAL
2/17/2015,44.78,45.32,44.62,44.76,12153506,DAL
2/18/2015,45.15,45.45,44.65,45.27,9889564,DAL
2/19/2015,46.86,47.39,45.835,45.92,14676185,DAL
2/20/2015,45.73,47.48,45.51,47.44,13624845,DAL
2/23/2015,47.97,48.27,46.86,47.19,12104648,DAL
2/24/2015,46.9,48.27,46.4,48.03,12044304,DAL
2/25/2015,47.93,48.01,46.6,46.84,10815825,DAL
2/26/2015,47.2,47.38,45.57,45.92,14477456,DAL
2/27/2015,45.8,45.87,44.5,44.52,15235198,DAL
3/2/2015,45.09,45.51,44.98,45.39,11247492,DAL
3/3/2015,44.58,45.81,44.27,45.78,12972514,DAL
3/4/2015,45.36,45.5,44.8,45.15,10364109,DAL
3/5/2015,45.47,45.47,44.05,44.39,12145319,DAL
3/6/2015,44.31,44.715,43.63,43.78,7527208,DAL
3/9/2015,43.87,44.72,43.8,44.57,8415248,DAL
3/10/2015,44.36,44.39,43.27,43.42,9909369,DAL
3/11/2015,43.46,44.39,43.44,44.02,8603546,DAL
3/12/2015,44.13,45.4,44.07,45.33,9284917,DAL
3/13/2015,45.45,46.37,45.33,45.5,10039222,DAL
3/16/2015,46.15,46.49,45.96,46.16,8517041,DAL
3/17/2015,46.5,46.95,46.2,46.65,11583542,DAL
3/18/2015,46.75,46.78,45.41,45.81,19021373,DAL
3/19/2015,46.36,47.35,46.35,47.26,16818121,DAL
3/20/2015,46.81,47.63,46.81,47.42,21270709,DAL
3/23/2015,47.42,47.59,46.56,46.58,10793902,DAL
3/24/2015,46.34,46.43,46.0201,46.03,9517440,DAL
3/25/2015,45.91,45.97,44.38,44.52,10383847,DAL
3/26/2015,43.14,44.35,42.6,44.09,15909655,DAL
3/27/2015,44.38,45.22,44.32,44.88,7983193,DAL
3/30/2015,45.34,45.9,45.34,45.56,8325796,DAL
3/31/2015,45.58,45.62,44.66,44.96,9679113,DAL
4/1/2015,43.67,43.99,42.92,43.26,19301727,DAL
4/2/2015,42.91,43.37,42.25,42.25,15554810,DAL
4/6/2015,41.41,41.91,41.02,41.76,18500417,DAL
4/7/2015,42,42.45,41.61,41.64,9166262,DAL
4/8/2015,41.94,43.3,41.91,43.29,14039114,DAL
4/9/2015,43.42,43.97,42.76,43.14,9704775,DAL
4/10/2015,43.12,43.53,43.04,43.23,8160341,DAL
4/13/2015,43.08,43.87,42.99,43.07,10223166,DAL
4/14/2015,43.06,43.19,42.45,43.08,10244222,DAL
4/15/2015,44.48,45.34,43.8,44.2,22814891,DAL
4/16/2015,44.2,45.4,44.16,44.99,13257581,DAL
4/17/2015,44.72,45.23,44.58,44.76,9581401,DAL
4/20/2015,45.14,45.82,44.76,45.73,8819119,DAL
4/21/2015,45.9,46.385,45.56,46.23,9400578,DAL
4/22/2015,46.35,46.62,45.67,46.53,9691271,DAL
4/23/2015,46.27,46.93,46.12,46.43,10078059,DAL
4/24/2015,46.77,47.38,46.68,46.98,10280634,DAL
4/27/2015,47.04,47.1,46.33,46.45,10000212,DAL
4/28/2015,46.29,46.45,45.16,46.2,8684553,DAL
4/29/2015,45.84,46,44.26,45.03,11460621,DAL
4/30/2015,44.76,45.72,44.36,44.64,9256607,DAL
5/1/2015,44.81,46.03,44.68,45.66,11469941,DAL
5/4/2015,45.91,46.5,45.12,45.29,9654146,DAL
5/5/2015,44.38,45,43.88,43.9,11350434,DAL
5/6/2015,43.54,44.26,42.835,44.06,12783271,DAL
5/7/2015,44.27,45.97,44.27,45.36,15678636,DAL
5/8/2015,45.6,46.43,45.6,46.17,9936508,DAL
5/11/2015,46.04,47.34,45.9,46.81,12461392,DAL
5/12/2015,46.32,46.4,45.95,46.1,7549226,DAL
5/13/2015,47.39,47.98,46.445,46.78,16830947,DAL
5/14/2015,47.34,47.78,46.87,47.4,8820194,DAL
5/15/2015,47.83,47.94,46.97,47,9614930,DAL
5/18/2015,46.99,47.585,46.87,47.37,7940046,DAL
5/19/2015,47.7,47.87,46.11,46.21,12749023,DAL
5/20/2015,45.86,45.93,43.16,43.62,37638093,DAL
5/21/2015,43.5,44.15,42.69,43.75,16267317,DAL
5/22/2015,43.98,44,43.13,43.18,10619921,DAL
5/26/2015,43.42,43.47,41.72,41.85,18594350,DAL
5/27/2015,42.03,43.12,42.03,42.53,12382887,DAL
5/28/2015,42.64,43.13,42.17,42.25,10886647,DAL
5/29/2015,42.19,43.189,41.89,42.92,12538042,DAL
6/1/2015,43.21,44.79,42.94,44.35,17682256,DAL
6/2/2015,42.99,43.62,42.87,43.21,18431528,DAL
6/3/2015,43.52,43.77,42.95,43.24,9886633,DAL
6/4/2015,43.4,44.11,42.44,42.92,13390417,DAL
6/5/2015,42.83,43.15,42.28,42.9,9897179,DAL
6/8/2015,42.37,42.62,40.65,40.75,18359663,DAL
6/9/2015,40.1,41.15,38.97,40.72,29310464,DAL
6/10/2015,40.62,41.56,40.34,41.06,11590195,DAL
6/11/2015,41.33,41.79,40.74,40.8,9259133,DAL
6/12/2015,40.74,41.5577,40.58,41.14,7838309,DAL
6/15/2015,40.92,41.2,40.53,40.7,9649410,DAL
6/16/2015,40.65,41.01,40.04,40.57,8314900,DAL
6/17/2015,40.42,41.08,40.2254,40.8,7057923,DAL
6/18/2015,40.67,41.425,40.46,41.35,7198446,DAL
6/19/2015,41.99,42.81,41.83,41.99,11189300,DAL
6/22/2015,42.72,43.08,42.36,42.93,10406966,DAL
6/23/2015,43.38,43.71,43,43.1,7789439,DAL
6/24/2015,42.97,43.13,42.5,42.66,7413428,DAL
6/25/2015,42.98,43.38,42.57,42.6,6208712,DAL
6/26/2015,42.78,42.9,42.06,42.35,15144782,DAL
6/29/2015,41.77,42.45,41.08,41.12,7881494,DAL
6/30/2015,41.68,41.83,41.03,41.08,10416368,DAL
7/1/2015,41.75,41.81,38.81,40.27,30993514,DAL
7/2/2015,40.23,41.03,39.75,40,11310816,DAL
7/6/2015,39.88,40.79,39.88,40.48,9714605,DAL
7/7/2015,40.67,41.3,39.96,41.18,9136380,DAL
7/8/2015,40.46,40.8799,40.01,40.17,8642732,DAL
7/9/2015,40.58,41.09,40.49,40.55,8541628,DAL
7/10/2015,41.45,42.72,41.31,42.46,13746124,DAL
7/13/2015,43.21,43.52,43,43.37,10131537,DAL
7/14/2015,42.95,43.96,42.61,43.66,13648569,DAL
7/15/2015,42.59,44.43,42.4,43.99,23558388,DAL
7/16/2015,44.5,44.87,44.19,44.47,12804798,DAL
7/17/2015,44.65,45.1,44.38,44.94,9625032,DAL
7/20/2015,45.1,45.1,43.96,44.09,7746068,DAL
7/21/2015,44.08,44.73,44.08,44.65,6166477,DAL
7/22/2015,44.51,45.42,44.46,45.22,8995517,DAL
7/23/2015,46.3,46.64,45.05,45.16,11449800,DAL
7/24/2015,45.61,45.64,43.76,44.1,8550141,DAL
7/27/2015,43.6,44.18,43.05,43.93,7301588,DAL
7/28/2015,43.93,44.95,43.9,44.91,7624728,DAL
7/29/2015,44.81,45.33,43.85,44.18,10355298,DAL
7/30/2015,44.16,44.37,43.64,44.03,5297788,DAL
7/31/2015,44.15,44.4,43.88,44.34,5973691,DAL
8/3/2015,44.68,45.845,44.57,45.73,12159293,DAL
8/4/2015,46.32,47.1,45.7814,46.35,11268314,DAL
8/5/2015,46.36,46.53,46.13,46.3,5838669,DAL
8/6/2015,46.48,46.79,45.76,46.04,6525871,DAL
8/7/2015,45.84,46.48,45.76,46.35,6825328,DAL
8/10/2015,46.73,47.19,46.21,46.32,6325370,DAL
8/11/2015,46.29,47.48,46.13,47.1,9734321,DAL
8/12/2015,46.8,46.81,44.77,46.6,11443574,DAL
8/13/2015,46.89,47.87,46.47,47.45,9953504,DAL
8/14/2015,47.36,47.96,47.28,47.63,6117409,DAL
8/17/2015,47.77,48.25,47.32,47.99,8136893,DAL
8/18/2015,48.08,48.3,46.92,47.36,8076088,DAL
8/19/2015,47.36,47.59,46.61,47.08,9389027,DAL
8/20/2015,46.55,47.08,45.67,45.71,9484842,DAL
8/21/2015,45.5,45.58,43.59,43.6,14908828,DAL
8/24/2015,39.5,44.16,34.61,42.15,15222433,DAL
8/25/2015,43.84,43.84,41.37,41.37,10465875,DAL
8/26/2015,42.61,43.88,41.49,43.7,14221473,DAL
8/27/2015,44.19,44.35,42.77,43.86,12853010,DAL
8/28/2015,43.94,44.3,43.407,43.94,9206945,DAL
8/31/2015,43.97,44.6,43.5399,43.78,8386990,DAL
9/1/2015,43.95,44.46,43.3,43.77,11269260,DAL
9/2/2015,44.68,46,44.35,45.99,15227902,DAL
9/3/2015,46.06,46.55,44.91,45.06,10909032,DAL
9/4/2015,44.55,45.99,44.311,45.4,8956435,DAL
9/8/2015,46.22,46.65,45.955,46.59,8177846,DAL
9/9/2015,46.94,47.19,45.9,46.01,9614046,DAL
9/10/2015,46.29,47,46.12,46.49,8754662,DAL
9/11/2015,46.5,47.05,46.27,46.92,7030143,DAL
9/14/2015,46.97,47.29,46.6,46.89,5252976,DAL
9/15/2015,47,47.12,46.31,46.89,8804570,DAL
9/16/2015,46.83,47.41,46.53,47.09,7903459,DAL
9/17/2015,47.31,48.18,46.88,47.49,11128009,DAL
9/18/2015,47.08,47.19,46.55,46.67,11862945,DAL
9/21/2015,46.77,47.67,46.69,47.25,7670472,DAL
9/22/2015,46.9,47.17,45.961,46.46,8329503,DAL
9/23/2015,46.5,46.88,45.93,46.59,4872451,DAL
9/24/2015,46.33,46.38,45.06,45.91,8871561,DAL
9/25/2015,46.52,46.84,45.59,46.04,6882889,DAL
9/28/2015,45.87,45.94,44.36,44.66,7367332,DAL
9/29/2015,44.51,44.93,43.57,44.04,7508781,DAL
9/30/2015,44.72,45.04,43.86,44.87,9525738,DAL
10/1/2015,44.71,45.5,44.14,45.41,8096471,DAL
10/2/2015,44.94,44.94,43.35,44.87,10918881,DAL
10/5/2015,45.22,47.04,45.04,46.96,8629299,DAL
10/6/2015,46.73,47.235,45,45.09,9080989,DAL
10/7/2015,45.2,46,44.47,45.99,11758457,DAL
10/8/2015,45.8,46.07,45.1732,45.96,8905372,DAL
10/9/2015,46.29,47.3325,46.16,47.21,10715251,DAL
10/12/2015,47.52,48.5,47.52,48.5,10647348,DAL
10/13/2015,48.1,49.11,47.72,47.73,13839941,DAL
10/14/2015,48.58,49.48,47.93,48.59,15052894,DAL
10/15/2015,48.95,49.32,48.36,48.93,8423727,DAL
10/16/2015,48.74,49.13,48.08,49.12,14240422,DAL
10/19/2015,49.21,50.58,49.13,50.27,11037840,DAL
10/20/2015,50.32,50.77,49.8,50.15,8745474,DAL
10/21/2015,49.8,50.585,49.34,49.44,7647439,DAL
10/22/2015,50.14,50.94,49.35,50.81,9528488,DAL
10/23/2015,51.23,51.66,50.5,51,11458644,DAL
10/26/2015,50.89,51.465,50.32,51.32,5579268,DAL
10/27/2015,51,51.48,50.39,50.87,7910178,DAL
10/28/2015,51.13,51.13,49.535,50.14,7435068,DAL
10/29/2015,50.04,50.65,49.61,50.5,5632760,DAL
10/30/2015,50.5,51.4499,50.29,50.84,7052513,DAL
11/2/2015,50.9,51.27,50.665,50.7,8548127,DAL
11/3/2015,51.65,52,50.85,51,10988129,DAL
11/4/2015,51.26,51.26,50.47,50.66,7353541,DAL
11/5/2015,50.83,51.15,50.32,50.54,5736702,DAL
11/6/2015,50.53,51.48,50.45,51.2,6376127,DAL
11/9/2015,50.93,50.95,50.23,50.63,5559072,DAL
11/10/2015,50.6,51,49.55,50.3,7348939,DAL
11/11/2015,50.49,50.73,49.96,49.98,6120797,DAL
11/12/2015,49.99,50.43,49.9,49.98,9350204,DAL
11/13/2015,49.82,50.08,48.75,48.99,9207269,DAL
11/16/2015,47.86,48.15,47.01,47.93,12339182,DAL
11/17/2015,48.06,49.06,47.72,47.77,10417334,DAL
11/18/2015,47.83,47.99,46.65,47.75,10952796,DAL
11/19/2015,48.2,48.76,48.016,48.51,7857144,DAL
11/20/2015,48.47,48.87,48.43,48.76,6878201,DAL
11/23/2015,49,49.19,48.4,48.74,6261060,DAL
11/24/2015,47.36,48,46.67,47.24,11111021,DAL
11/25/2015,47.45,47.62,46.37,46.87,7731680,DAL
11/27/2015,46.99,47.5,46.78,47.14,2597683,DAL
11/30/2015,47.21,47.44,46.44,46.46,8731265,DAL
12/1/2015,46.81,47.7,46.58,47.67,6335816,DAL
12/2/2015,49.17,49.33,48.18,48.33,12810580,DAL
12/3/2015,48.42,48.99,47.85,48.22,11634426,DAL
12/4/2015,49,49.8,48.665,49.78,12775560,DAL
12/7/2015,50.27,51.82,50.19,51.78,13829547,DAL
12/8/2015,51.33,51.82,49.89,50.27,13469217,DAL
12/9/2015,50.02,50.74,49.14,49.51,8144705,DAL
12/10/2015,49.71,51.915,49.54,51.28,10089580,DAL
12/11/2015,50.37,50.65,49.219,49.28,8647628,DAL
12/14/2015,49.52,50.41,48.76,50.18,10006382,DAL
12/15/2015,50.67,51.41,50.07,51.15,8084837,DAL
12/16/2015,51.4,52.285,50.85,52.12,9172873,DAL
12/17/2015,51.98,52.77,51.02,51.03,10024940,DAL
12/18/2015,51.04,51.95,49.96,49.96,15753531,DAL
12/21/2015,50.46,51.5,50.42,51.46,8822128,DAL
12/22/2015,51.65,51.95,51.16,51.75,6745568,DAL
12/23/2015,51.74,51.87,50.91,51.74,5843648,DAL
12/24/2015,51.71,52.65,51.69,52.26,3834156,DAL
12/28/2015,52.41,52.72,51.32,51.95,5295290,DAL
12/29/2015,51.93,52.4146,51.8875,52.17,4300053,DAL
12/30/2015,52.23,52.3,51.065,51.17,5060130,DAL
12/31/2015,51,51.08,50.35,50.69,5911392,DAL
1/4/2016,49.42,49.42,48.3,48.66,12323161,DAL
1/5/2016,49.31,49.75,47.04,48.57,14557218,DAL
1/6/2016,47.79,49.3,47.63,48.93,10375888,DAL
1/7/2016,48.39,48.68,46.74,47,11301098,DAL
1/8/2016,47.48,48.95,46.49,46.61,10850321,DAL
1/11/2016,46.99,47.29,45.57,46.74,12096434,DAL
1/12/2016,47.07,47.475,45.82,46.96,12163429,DAL
1/13/2016,47.5,47.5,44.54,44.94,10964540,DAL
1/14/2016,45.03,45.75,44.02,45.34,11554970,DAL
1/15/2016,43.88,45.36,43.45,44.5,16408571,DAL
1/19/2016,45.8,46.75,45.19,45.96,16014707,DAL
1/20/2016,46.09,46.76,42.54,45.69,21927463,DAL
1/21/2016,46.65,47.12,45.37,46.52,12817428,DAL
1/22/2016,47.09,47.49,46.528,46.76,9419541,DAL
1/25/2016,47.59,47.62,45.85,45.94,8602648,DAL
1/26/2016,46.49,46.9,45.63,46.11,8685686,DAL
1/27/2016,46.36,46.995,44.62,44.72,10669716,DAL
1/28/2016,44.84,45,42.52,43.2,13996878,DAL
1/29/2016,43.14,44.34,42.42,44.29,12820096,DAL
2/1/2016,44.73,45.58,44.01,45.21,8618232,DAL
2/2/2016,45.19,45.52,43.32,43.61,8994040,DAL
2/3/2016,43.97,44.15,42.1075,43.8,10049136,DAL
2/4/2016,43.78,44.37,43.36,44.04,9444045,DAL
2/5/2016,44.14,44.55,41.67,42.01,14205999,DAL
2/8/2016,41.31,41.6,40.05,40.77,15450855,DAL
2/9/2016,40.35,42.485,40.03,41.98,12082562,DAL
2/10/2016,42.63,43.7767,42.47,43.27,11356188,DAL
2/11/2016,42.62,43.52,42.14,42.7,10019508,DAL
2/12/2016,43,43.1399,42.14,42.99,7552684,DAL
2/16/2016,43.49,44.67,43.09,44.58,8128796,DAL
2/17/2016,44.98,46.27,44.95,46.1,10338394,DAL
2/18/2016,46.4,46.68,45.98,46.46,10946832,DAL
2/19/2016,46.46,47.145,46.24,46.72,10578696,DAL
2/22/2016,47.2,48.91,47,48.82,12748761,DAL
2/23/2016,48.47,49.45,48.45,48.95,9411450,DAL
2/24/2016,48.45,49.05,47.79,48.94,9236804,DAL
2/25/2016,49.08,49.45,48.67,49.2,7524775,DAL
2/26/2016,49.35,49.45,47.7,47.86,12282757,DAL
2/29/2016,47.75,48.7999,47.4,48.24,8029994,DAL
3/1/2016,48.73,49.25,48.42,48.9,8000608,DAL
3/2/2016,48.1,48.58,47.61,48.55,8938316,DAL
3/3/2016,48.59,49.005,48.35,48.79,8853732,DAL
3/4/2016,49.06,49.1,48.47,48.67,8516358,DAL
3/7/2016,48.24,48.48,47.85,48.39,8291864,DAL
3/8/2016,46.71,47.095,46.01,46.22,13690455,DAL
3/9/2016,46.31,46.94,46.22,46.74,8449094,DAL
3/10/2016,47,47.49,46.28,47,8293692,DAL
3/11/2016,47.47,48.07,47.282,47.69,6661687,DAL
3/14/2016,47.5,48.24,47.32,47.89,5798948,DAL
3/15/2016,47.82,47.94,47.43,47.76,4751935,DAL
3/16/2016,47.47,48.8,47.37,48.77,6376616,DAL
3/17/2016,48.58,48.78,48.0558,48.62,6577728,DAL
3/18/2016,48.67,50.3,48.58,50.05,12485175,DAL
3/21/2016,50.04,50.5,49.94,50.12,7284653,DAL
3/22/2016,48.71,49.735,48.2,49.39,13352471,DAL
3/23/2016,49.59,49.73,48.6,48.91,8783144,DAL
3/24/2016,48.48,48.56,47.36,47.84,9138976,DAL
3/28/2016,47.9,48.51,47.77,48.2,5887598,DAL
3/29/2016,48.1,49.18,48.03,49.13,7302065,DAL
3/30/2016,49.54,50.075,49.29,49.33,5779300,DAL
3/31/2016,49.37,49.74,48.66,48.68,6550481,DAL
4/1/2016,47.5,47.57,46.74,47.01,13932230,DAL
4/4/2016,47.11,48.32,46.76,47.15,7863404,DAL
4/5/2016,46.97,47.81,46.72,47.16,6506852,DAL
4/6/2016,47.22,47.32,46.85,47.2,5542629,DAL
4/7/2016,47,47.19,45.41,45.8,10434319,DAL
4/8/2016,46.1,46.62,45.66,46.29,5844956,DAL
4/11/2016,46.87,47.8,46.5,46.55,8880408,DAL
4/12/2016,46.83,47.26,46.5201,46.63,8254588,DAL
4/13/2016,47.15,48.13,46.86,48.04,10882469,DAL
4/14/2016,48.95,49.8,48.274,48.49,15906520,DAL
4/15/2016,48.74,48.81,47.15,47.5,11822179,DAL
4/18/2016,47.65,47.65,46.21,46.55,11664665,DAL
4/19/2016,46.69,47.42,46.6,46.87,8759383,DAL
4/20/2016,46.9,47.53,46.58,46.6,8397183,DAL
4/21/2016,46.28,46.3099,44.74,44.97,15330348,DAL
4/22/2016,43.43,44.67,43.16,44.62,14258622,DAL
4/25/2016,44.52,44.88,43.79,43.93,8774254,DAL
4/26/2016,44.15,44.52,43.06,43.59,11545652,DAL
4/27/2016,43.75,44.24,43.28,43.69,9097491,DAL
4/28/2016,43.44,43.8,42.755,42.86,10229803,DAL
4/29/2016,42.55,42.71,41.22,41.67,16658471,DAL
5/2/2016,42.11,42.49,41.8,42.17,10701798,DAL
5/3/2016,42.92,43.2,41.83,42.92,14319492,DAL
5/4/2016,42.37,42.56,41.17,41.43,14925345,DAL
5/5/2016,41.59,42.27,41.45,41.75,10271051,DAL
5/6/2016,41.61,42.26,40.95,42.04,10777155,DAL
5/9/2016,42.11,42.84,41.99,42.4,10512085,DAL
5/10/2016,42.49,43.04,42.41,42.95,9299253,DAL
5/11/2016,42.69,43.31,42.29,42.3,9037695,DAL
5/12/2016,42.44,42.47,40.64,41.07,13453994,DAL
5/13/2016,40.75,42.18,40.75,41.6,10758564,DAL
5/16/2016,42.55,43.16,42.05,43,12303132,DAL
5/17/2016,42.79,44.4,42.75,43.67,16203008,DAL
5/18/2016,43.45,44.66,43.45,43.86,10382850,DAL
5/19/2016,43.27,43.88,42.55,43.1,8860801,DAL
5/20/2016,43.42,43.82,42.97,43.1,5964571,DAL
5/23/2016,43,43.6,42.91,42.95,5227008,DAL
5/24/2016,43.1,43.77,43.05,43.63,9360441,DAL
5/25/2016,43.68,44.11,43.38,43.5,7600829,DAL
5/26/2016,43.47,43.6,42.4,42.76,8512384,DAL
5/27/2016,42.83,43.44,42.81,43.12,5509375,DAL
5/31/2016,43.25,43.51,42.65,43.46,9315119,DAL
6/1/2016,43.35,43.71,43.07,43.51,7047876,DAL
6/2/2016,42.77,43.46,42.4,42.45,10103510,DAL
6/3/2016,42.22,42.4,41.25,41.57,15957966,DAL
6/6/2016,41.54,41.6,41,41.28,11538361,DAL
6/7/2016,41.35,42.81,41,42.1,11445909,DAL
6/8/2016,42.2,42.45,41.095,41.85,13862297,DAL
6/9/2016,41.75,42.58,41.52,42.4,7618094,DAL
6/10/2016,42.06,42.29,41.41,42.04,6787930,DAL
6/13/2016,41.59,41.7,40.53,40.57,9946480,DAL
6/14/2016,40.41,40.56,38.64,39.11,15065835,DAL
6/15/2016,39.37,39.78,38.83,38.89,11044026,DAL
6/16/2016,38.37,38.57,37.84,38.02,13086623,DAL
6/17/2016,37.94,38.24,37.68,38.01,11157832,DAL
6/20/2016,38.43,38.73,38,38.09,9921180,DAL
6/21/2016,38.67,39,38.05,38.67,11997894,DAL
6/22/2016,38.57,39.16,38.5,38.55,7029886,DAL
6/23/2016,39,39.07,37.73,38.31,10956187,DAL
6/24/2016,36.09,37.08,35.17,35.18,26090715,DAL
6/27/2016,34.84,34.94,32.6,33.36,28600221,DAL
6/28/2016,34.27,34.67,33.6,34.67,19678184,DAL
6/29/2016,35.4,36.375,34.91,36.24,15059708,DAL
6/30/2016,36.26,36.43,35.73,36.43,12413660,DAL
7/1/2016,36.41,37,36.31,36.77,9408381,DAL
7/5/2016,36,36.2365,34.78,35.62,14239475,DAL
7/6/2016,34.96,35.61,34.075,35.58,14539966,DAL
7/7/2016,35.54,36.48,35.5,36.37,8775767,DAL
7/8/2016,36.9,37.75,36.86,37.37,12620987,DAL
7/11/2016,37.67,38.445,37.6,38.12,11994108,DAL
7/12/2016,39.2,40.41,39.13,40.21,19533044,DAL
7/13/2016,40.5,40.6,39.4202,39.56,13885618,DAL
7/14/2016,40.33,41.35,40.155,40.98,18543035,DAL
7/15/2016,40.46,40.54,39.71,39.98,15192438,DAL
7/18/2016,40.17,40.52,40.06,40.1,8285460,DAL
7/19/2016,39.88,40.58,39.5,40.53,9297024,DAL
7/20/2016,40.69,41.22,39.94,40.21,9541884,DAL
7/21/2016,39.11,39.2576,38.27,38.52,17425215,DAL
7/22/2016,39.07,39.19,38.43,38.96,9579252,DAL
7/25/2016,39.17,39.26,38.55,38.96,7160532,DAL
7/26/2016,38.97,39.33,38.61,39.03,9038657,DAL
7/27/2016,38.88,38.92,38.5,38.54,8671871,DAL
7/28/2016,38.5,39.54,38.251,39.36,7354097,DAL
7/29/2016,39.37,39.9,38.741,38.75,10468182,DAL
8/1/2016,38.92,39.51,38.775,39.48,8965279,DAL
8/2/2016,38.82,38.85,36.29,36.39,19993452,DAL
8/3/2016,36.38,36.87,36.171,36.48,10994140,DAL
8/4/2016,36.52,36.68,36.0199,36.54,8825297,DAL
8/5/2016,36.98,37.73,36.86,37.67,8097455,DAL
8/8/2016,37.46,38.24,37.36,37.44,10029115,DAL
8/9/2016,37.75,38.06,37.14,37.16,8391968,DAL
8/10/2016,37,37.115,36.24,36.48,9604655,DAL
8/11/2016,36.58,37.05,36.28,36.7,7537911,DAL
8/12/2016,36.68,36.74,36.26,36.35,7700582,DAL
8/15/2016,36.35,37.05,35.84,36.92,10784589,DAL
8/16/2016,36.81,37.31,36.79,36.94,9253481,DAL
8/17/2016,37.03,37.53,36.71,37.51,10427938,DAL
8/18/2016,37.37,37.43,36.85,37.07,12103307,DAL
8/19/2016,36.81,36.98,36.37,36.77,7579561,DAL
8/22/2016,36.53,36.74,36.07,36.61,11186137,DAL
8/23/2016,36.78,37.13,36.62,36.69,7588384,DAL
8/24/2016,36.63,37.05,36.4674,36.77,7547989,DAL
8/25/2016,36.64,36.81,36.44,36.47,6540006,DAL
8/26/2016,36.51,36.64,35.9,36.09,7882027,DAL
8/29/2016,36.27,36.6,36.26,36.55,5674560,DAL
8/30/2016,36.51,37.6,36.38,37.16,9950593,DAL
8/31/2016,37.32,37.32,36.02,36.75,13838034,DAL
9/1/2016,37,37.15,36.32,36.82,7127369,DAL
9/2/2016,36.67,37.49,36.67,37.17,10201908,DAL
9/6/2016,37.23,37.29,36.65,36.82,8041579,DAL
9/7/2016,37.45,39.18,37.41,38.9,16662096,DAL
9/8/2016,38.86,39.3,38.6,39.29,10542146,DAL
9/9/2016,39.09,39.39,37.75,37.75,11696699,DAL
9/12/2016,37.24,38.59,36.875,38.44,8572707,DAL
9/13/2016,38.2,38.51,37.385,37.53,10203943,DAL
9/14/2016,37.43,37.89,36.93,37.12,9468381,DAL
9/15/2016,37.09,37.62,36.82,37.29,9177063,DAL
9/16/2016,37.02,37.16,36.59,36.77,11257486,DAL
9/19/2016,36.91,37.74,36.85,37.57,8768197,DAL
9/20/2016,37.6,38.11,37.41,37.63,7551448,DAL
9/21/2016,37.79,38.3,37.48,38.05,8529574,DAL
9/22/2016,38.16,38.96,38.15,38.5,10917011,DAL
9/23/2016,38.18,38.93,38.18,38.78,6841201,DAL
9/26/2016,38.52,38.75,37.91,38.04,7854391,DAL
9/27/2016,38,39.25,37.98,39.21,9596607,DAL
9/28/2016,39.3,40.23,39.11,39.23,10552432,DAL
9/29/2016,39.06,39.68,39.02,39.03,7180952,DAL
9/30/2016,39.15,39.6,38.93,39.36,8889272,DAL
10/3/2016,39.25,40.045,39.21,39.98,11629692,DAL
10/4/2016,41.25,41.38,40.1,40.15,12479189,DAL
10/5/2016,40.16,40.475,40.05,40.32,7408670,DAL
10/6/2016,40.26,40.38,39.75,39.94,9184277,DAL
10/7/2016,39.87,39.93,38.8,38.95,10707033,DAL
10/10/2016,39.21,39.95,39.19,39.77,7994138,DAL
10/11/2016,40.25,40.26,38.79,38.94,12166578,DAL
10/12/2016,39.01,39.5,38.56,39.27,11127532,DAL
10/13/2016,38.53,40.88,37.91,40.01,24274131,DAL
10/14/2016,40.45,40.75,39.82,40.04,12133335,DAL
10/17/2016,39.74,40.49,39.26,39.35,10535123,DAL
10/18/2016,39.39,40.27,39.05,39.46,13433831,DAL
10/19/2016,39.55,40.92,39.19,40.9,13814431,DAL
10/20/2016,40.82,41.54,40.73,41.46,14613524,DAL
10/21/2016,41.08,41.305,40.66,41.17,9050920,DAL
10/24/2016,41.39,41.75,41.15,41.37,8714116,DAL
10/25/2016,41.2,41.89,40.95,41.21,8696441,DAL
10/26/2016,40.15,42.41,40.05,41.4,14175874,DAL
10/27/2016,41.62,42.25,40.92,41.47,9546710,DAL
10/28/2016,41.39,41.88,41,41.34,8474660,DAL
10/31/2016,41.72,41.82,41.125,41.77,8697139,DAL
11/1/2016,41.84,42.48,41.55,41.88,10889292,DAL
11/2/2016,41.84,42.37,41.72,41.93,10361480,DAL
11/3/2016,42.06,42.57,41.77,41.92,8142807,DAL
11/4/2016,41.805,43.24,41.75,42.88,10812994,DAL
11/7/2016,43.4,44.6125,43.03,44.21,11534720,DAL
11/8/2016,43.63,44.635,43.13,44.53,9732813,DAL
11/9/2016,43.7,45.49,43.57,45.25,13290270,DAL
11/10/2016,45.42,46.13,44.97,45.95,20759884,DAL
11/11/2016,45.75,46.95,45.265,46.38,10272879,DAL
11/14/2016,46.62,47.48,46.6056,47.47,11932469,DAL
11/15/2016,49.02,49.24,47,47.65,14153165,DAL
11/16/2016,47.59,47.74,47.16,47.38,6886393,DAL
11/17/2016,47.41,48.53,47.21,48.51,8569706,DAL
11/18/2016,48.8,48.98,48.25,48.9,8250898,DAL
11/21/2016,48.98,49.17,48.51,48.61,8665030,DAL
11/22/2016,48.84,49.3,48.75,48.9,8941823,DAL
11/23/2016,48.785,49.285,48.63,49.21,4724350,DAL
11/25/2016,49.17,49.41,48.89,49.24,2241430,DAL
11/28/2016,49.08,49.35,48.48,48.49,9227881,DAL
11/29/2016,48.53,49.05,48.23,48.59,7057045,DAL
11/30/2016,47.55,48.75,46.85,48.18,9245324,DAL
12/1/2016,47.96,48.94,47.6,47.77,9802354,DAL
12/2/2016,48.32,48.94,47.89,48.31,8870335,DAL
12/5/2016,48.51,48.81,47.585,47.82,9240161,DAL
12/6/2016,48.21,49.49,48.11,49.43,9142591,DAL
12/7/2016,49.44,51.33,49.1807,51.1,10668334,DAL
12/8/2016,51.1,51.92,50.54,51.35,9489063,DAL
12/9/2016,52,52.76,51.26,51.78,8526732,DAL
12/12/2016,51.03,51.34,49.925,49.97,8647603,DAL
12/13/2016,50.02,50.7,49.62,49.66,8855520,DAL
12/14/2016,49.86,50.58,49.58,49.82,9554995,DAL
12/15/2016,50.48,51.7358,50.43,50.5,10302149,DAL
12/16/2016,51.02,51.5,50.09,50.16,10039567,DAL
12/19/2016,50.22,50.74,50.19,50.42,4998311,DAL
12/20/2016,50.43,51.15,50.42,50.76,6176252,DAL
12/21/2016,50.68,51.15,50.45,50.92,4077664,DAL
12/22/2016,50.77,50.85,49.66,49.8,5407319,DAL
12/23/2016,49.94,50.14,49.775,49.89,4046336,DAL
12/27/2016,49.95,50.61,49.93,50.36,3365557,DAL
12/28/2016,50.35,50.46,49.45,49.51,4520198,DAL
12/29/2016,49.54,49.85,49.21,49.31,3348252,DAL
12/30/2016,49.34,49.56,48.87,49.19,4532413,DAL
1/3/2017,49.37,50.14,49.17,49.48,5423224,DAL
1/4/2017,50.09,50.93,49.99,50.7,7898583,DAL
1/5/2017,50.41,50.685,49.5,49.73,5806193,DAL
1/6/2017,49.79,50.3,49.22,49.68,6922698,DAL
1/9/2017,49.46,50.17,49.42,49.69,5332927,DAL
1/10/2017,49.93,51.35,49.86,50.93,8440461,DAL
1/11/2017,51.46,51.7399,50.65,51.44,10001564,DAL
1/12/2017,51.3,52,49.67,50.89,14284750,DAL
1/13/2017,50.79,51.64,50.78,51.23,7380552,DAL
1/17/2017,50.99,51.22,50.19,50.33,7477487,DAL
1/18/2017,50.14,50.8,49.785,50.3,7076494,DAL
1/19/2017,50.28,50.5,49.62,49.7,7012738,DAL
1/20/2017,49.77,50.54,49.71,50.5,7722376,DAL
1/23/2017,50.28,50.43,48.77,48.77,8753052,DAL
1/24/2017,48.91,49.76,48.82,49.44,6398060,DAL
1/25/2017,49.99,50.429,49.81,50.19,8096311,DAL
1/26/2017,50.69,51.54,50.56,50.9,8905600,DAL
1/27/2017,51,51.12,49.57,49.7,6850441,DAL
1/30/2017,48.95,48.95,47.54,47.67,12745604,DAL
1/31/2017,47.79,47.83,46.57,47.24,12533828,DAL
2/1/2017,47.48,47.77,47.04,47.26,8377490,DAL
2/2/2017,46.59,47.66,46.48,47.38,8795723,DAL
2/3/2017,47.52,48,47.41,47.81,5632317,DAL
2/6/2017,48.185,48.68,47.93,48.26,7169217,DAL
2/7/2017,48.44,48.935,48.08,48.15,7262909,DAL
2/8/2017,48.26,48.3,47.7338,48.1,5342581,DAL
2/9/2017,48.26,49.55,48.13,49.33,7274696,DAL
2/10/2017,49.55,49.5674,49.02,49.26,5322586,DAL
2/13/2017,49.37,50.42,49.28,50.06,6565871,DAL
2/14/2017,49.82,49.985,49.095,49.86,7024566,DAL
2/15/2017,50.95,51.96,50.53,51.17,12704974,DAL
2/16/2017,51.16,51.17,50.585,50.83,6626729,DAL
2/17/2017,50.59,51.23,50.19,51.23,5427990,DAL
2/21/2017,51.3,51.53,50.97,51.21,6406538,DAL
2/22/2017,51,51.14,50.48,50.93,4345077,DAL
2/23/2017,51.12,51.49,50.19,50.48,6470866,DAL
2/24/2017,50.38,50.52,49.88,50.46,8154722,DAL
2/27/2017,50.33,50.46,49.83,50.44,7574234,DAL
2/28/2017,50.5,50.6,49.86,49.93,6950167,DAL
3/1/2017,50.41,51.865,50.35,51.03,14144652,DAL
3/2/2017,50,50.69,49.81,49.96,12527155,DAL
3/3/2017,50.01,50.64,49.72,50.13,11176970,DAL
3/6/2017,49.5,49.85,48.21,48.85,11368709,DAL
3/7/2017,48.52,48.67,47.565,47.64,10266164,DAL
3/8/2017,47.68,47.97,47.52,47.67,7170045,DAL
3/9/2017,47.69,48.35,46.96,47.25,8790482,DAL
3/10/2017,47.31,47.98,47.21,47.91,6263119,DAL
3/13/2017,47.9,48.22,47.17,47.35,6995340,DAL
3/14/2017,47.02,47.07,46.12,46.28,14313232,DAL
3/15/2017,45.93,47.49,45.23,47.19,17933048,DAL
3/16/2017,47.62,47.7,47.02,47.41,7898964,DAL
3/17/2017,47.6237,47.65,46.51,46.51,12294972,DAL
3/20/2017,47.23,47.23,46.55,46.85,5867109,DAL
3/21/2017,47.07,47.18,45.43,45.52,10366209,DAL
3/22/2017,45.25,45.84,44.47,45.74,12063978,DAL
3/23/2017,45.87,46.22,45.47,45.92,5589249,DAL
3/24/2017,46.1,46.31,45.6,46,6290271,DAL
3/27/2017,45.37,46.26,45.08,46.1,9022959,DAL
3/28/2017,46.1,46.7953,45.76,46.53,7321153,DAL
3/29/2017,46.42,46.65,45.73,45.95,6321131,DAL
3/30/2017,46.02,46.48,45.91,46.27,4909066,DAL
3/31/2017,46.12,46.29,45.89,45.96,7052745,DAL
4/3/2017,46,46.34,45.57,46.32,7398138,DAL
4/4/2017,45.84,46.05,45,45.11,8765542,DAL
4/5/2017,45.43,46.1,45.035,45.08,8313359,DAL
4/6/2017,45.12,45.66,44.87,45.26,6080421,DAL
4/7/2017,45.22,45.405,44.75,45.17,9006691,DAL
4/10/2017,45.07,45.23,44.6,44.97,9945396,DAL
4/11/2017,45,45.32,44.485,45.29,10506828,DAL
4/12/2017,46.97,47.17,45,45.05,14332760,DAL
4/13/2017,44.89,45,43.81,44.03,14893976,DAL
4/17/2017,44.13,44.45,44,44.35,7140338,DAL
4/18/2017,44.2,44.78,43.97,44.41,7973836,DAL
4/19/2017,44.81,45.6,44.7,45.08,8488167,DAL
4/20/2017,45.41,46.17,45.25,45.93,7679246,DAL
4/21/2017,45.85,46.04,45.3,45.53,6395988,DAL
4/24/2017,46.5,46.93,46.07,46.81,12522646,DAL
4/25/2017,47.14,47.55,46.7,46.73,7873944,DAL
4/26/2017,46.73,47.055,46.34,46.37,7610698,DAL
4/27/2017,45.68,45.86,44.8601,45.74,12387986,DAL
4/28/2017,45.9,46.04,45.29,45.44,6600043,DAL
5/1/2017,45.59,46,45.4,45.4,6378922,DAL
5/2/2017,45.67,47.93,45.51,47.83,12930974,DAL
5/3/2017,47.66,48.49,47.54,48.31,9912369,DAL
5/4/2017,48.46,48.8,48.2,48.64,7466834,DAL
5/5/2017,48.63,49.03,48.25,48.7,5275157,DAL
5/8/2017,48.73,49.09,48.4,48.52,8671585,DAL
5/9/2017,49,49.94,48.88,49.56,8759591,DAL
5/10/2017,49.35,49.99,49.2,49.97,7548714,DAL
5/11/2017,50.01,50.18,48.91,49.69,8817408,DAL
5/12/2017,49.49,49.57,48.9,48.99,7180486,DAL
5/15/2017,49.12,49.71,49,49.51,5539346,DAL
5/16/2017,49.62,49.64,48.78,49.51,6422753,DAL
5/17/2017,48.83,48.98,47.67,47.74,8274526,DAL
5/18/2017,47.64,48.29,47.55,47.66,5070971,DAL
5/19/2017,47.85,48.64,47.81,48.2,6137049,DAL
5/22/2017,48.37,48.72,48.34,48.49,6548305,DAL
5/23/2017,48.56,48.825,48.31,48.59,5592261,DAL
5/24/2017,48.67,48.97,48.48,48.87,5150353,DAL
5/25/2017,48.99,50.43,48.9642,50.4,7420998,DAL
5/26/2017,50.31,50.95,50.31,50.8,5778533,DAL
5/30/2017,50.59,50.59,49.04,49.06,10523483,DAL
5/31/2017,49.19,49.35,48.52,49.13,8088888,DAL
6/1/2017,49.32,50.07,49.3,49.85,7431629,DAL
6/2/2017,50.55,51.88,50.5,51.19,11872143,DAL
6/5/2017,50.99,51.4875,50.57,51.39,9017984,DAL
6/6/2017,51.15,51.685,51.05,51.23,6826348,DAL
6/7/2017,51.01,52.5,50.645,52.27,10888416,DAL
6/8/2017,52.5,53.45,52.195,52.84,9057198,DAL
6/9/2017,52.9,53.57,52.66,53.01,9709030,DAL
6/12/2017,52.95,52.97,51.37,52.25,9751128,DAL
6/13/2017,52.26,52.84,51.46,51.87,8280583,DAL
6/14/2017,52.01,52.2,51.54,51.91,6018984,DAL
6/15/2017,51.63,51.84,50.915,51.56,6871208,DAL
6/16/2017,51.55,52,51.2503,52,6254513,DAL
6/19/2017,52.1,52.63,51.94,52.51,7674670,DAL
6/20/2017,52.68,52.8,51.66,51.76,7050074,DAL
6/21/2017,52.05,52.58,51.75,52.27,5135092,DAL
6/22/2017,52.99,53.2,52.17,52.81,7240921,DAL
6/23/2017,52.8,53.165,52.62,52.92,15792858,DAL
6/26/2017,53.02,53.79,52.695,52.87,6127485,DAL
6/27/2017,52.86,53.21,52.6,52.84,5921807,DAL
6/28/2017,53.25,54.2,53.25,53.84,6745150,DAL
6/29/2017,54.11,54.53,53.68,53.87,7188320,DAL
6/30/2017,54,54.28,53.73,53.74,5012788,DAL
7/3/2017,54.26,54.71,53.74,54.06,3532131,DAL
7/5/2017,54.15,54.61,53.74,54.33,5792998,DAL
7/6/2017,54.18,54.84,53.89,54.37,6221446,DAL
7/7/2017,54.55,55.5,54.28,55.46,7493298,DAL
7/10/2017,55.04,55.75,54.64,54.81,7971830,DAL
7/11/2017,54.82,55.04,54.18,54.28,5442143,DAL
7/12/2017,54.8,55.59,54.75,55.48,12101631,DAL
7/13/2017,54.55,55.03,53.82,54.5,13257373,DAL
7/14/2017,54.5,55.39,54.4,55.13,9228695,DAL
7/17/2017,55.2,55.29,54.61,54.64,5387411,DAL
7/18/2017,54.5,54.5,53.8783,53.96,6421234,DAL
7/19/2017,53.77,54.34,53.1,53.79,10733019,DAL
7/20/2017,53.79,53.91,52.755,52.83,8418264,DAL
7/21/2017,52.55,52.7,52.07,52.26,6847604,DAL
7/24/2017,52.16,52.41,51.42,51.53,8208688,DAL
7/25/2017,51.92,52.21,51.08,51.14,5815226,DAL
7/26/2017,51.15,51.27,50.63,51.13,8065113,DAL
7/27/2017,50.4,50.98,49.53,50.08,12402012,DAL
7/28/2017,49.99,50.375,49.4,50.33,8652638,DAL
7/31/2017,50.47,50.7,49.26,49.36,9575718,DAL
8/1/2017,50.01,50.3,49.48,50.01,5213706,DAL
8/2/2017,50.01,50.3,49.48,50.01,5215065,DAL
8/3/2017,50.12,50.74,49.93,50.57,5250334,DAL
8/4/2017,50.74,50.8,50.335,50.61,4426491,DAL
8/7/2017,51.2,51.55,50.69,50.75,6241658,DAL
8/8/2017,50.75,51.04,50.23,50.31,5847150,DAL
8/9/2017,50,50.1,49.5,49.67,6692174,DAL
8/10/2017,49.57,49.65,48.98,49.04,8925212,DAL
8/11/2017,48.95,49.58,48.46,49.48,6318866,DAL
8/14/2017,49.99,50.24,49.6601,50.07,4666041,DAL
8/15/2017,50.25,50.33,49.86,49.92,4067624,DAL
8/16/2017,50.24,50.5,50.07,50.13,3696017,DAL
8/17/2017,50.02,50.15,47.5,47.53,12043152,DAL
8/18/2017,47.72,48.119,47.3,47.53,8395102,DAL
8/21/2017,47.49,47.9,47.35,47.81,4650411,DAL
8/22/2017,47.92,48.07,47.09,47.15,6762811,DAL
8/23/2017,46.96,47,45.79,46.18,10997813,DAL
8/24/2017,46.48,46.5,45,45.21,13780242,DAL
8/25/2017,45.43,47.06,45.35,46.68,13938819,DAL
8/28/2017,46.83,47.21,46.65,46.95,7816364,DAL
8/29/2017,46.14,46.8,45.8578,46.62,5648758,DAL
8/30/2017,46.46,47,46.1,46.83,5960151,DAL
8/31/2017,47,47.34,46.84,47.19,5937151,DAL
9/1/2017,47.42,47.85,47.29,47.52,6099605,DAL
9/5/2017,46.77,47.27,45.74,45.84,11394320,DAL
9/6/2017,45.22,47.45,44.59,47.39,18675324,DAL
9/7/2017,47.3,47.8,46.97,47.12,7329140,DAL
9/8/2017,46.98,47.77,46.89,47.45,6110712,DAL
9/11/2017,47.95,49.21,47.94,48.82,12512615,DAL
9/12/2017,48.94,49.155,48.54,49.04,5813327,DAL
9/13/2017,48.96,49.13,48.635,48.98,6255091,DAL
9/14/2017,48.9,48.92,48.14,48.27,6283926,DAL
9/15/2017,48.05,48.45,47.85,48.25,17746232,DAL
9/18/2017,48.33,48.45,47.77,47.96,6011403,DAL
9/19/2017,48.01,48.98,47.75,47.9,6782333,DAL
9/20/2017,48,48.6,47.78,48.04,5535044,DAL
9/21/2017,48,48.35,47.4235,48.16,6235610,DAL
9/22/2017,48.26,48.66,48.1,48.47,4601630,DAL
9/25/2017,48.42,48.66,47.82,48.32,6603444,DAL
9/26/2017,48.46,49.05,48.27,48.5,5232009,DAL
9/27/2017,48.9,49.28,47.12,47.72,11658316,DAL
9/28/2017,47.46,48.72,47.46,48.31,8309068,DAL
9/29/2017,48.4,48.65,48,48.22,5533145,DAL
10/2/2017,48.35,48.52,47.9,48.07,8604757,DAL
10/3/2017,48.15,51.37,48.15,51.25,16065388,DAL
10/4/2017,51.22,52.07,50.98,51.56,8265094,DAL
10/5/2017,51.51,51.77,51.255,51.68,5276294,DAL
10/6/2017,51.4,52.52,51.4,52.01,6735370,DAL
10/9/2017,52.07,52.43,51.44,51.74,4624846,DAL
10/10/2017,52.73,53.71,52.47,52.7,11332084,DAL
10/11/2017,53.38,53.97,52.5,53.07,11817825,DAL
10/12/2017,53.1,53.19,52.54,53.11,5819311,DAL
10/13/2017,53.11,54.04,53.02,53.96,7242766,DAL
10/16/2017,53.78,53.85,53.28,53.62,4810899,DAL
10/17/2017,53.51,54.06,52.66,52.76,6547565,DAL
10/18/2017,52.85,53.12,52.67,52.86,5402428,DAL
10/19/2017,52.57,52.799,51.37,52.27,9567843,DAL
10/20/2017,52.62,53.28,52.53,53.27,6707843,DAL
10/23/2017,53.3,53.36,52.23,52.28,4095148,DAL
10/24/2017,52.5,53.375,52.03,53.18,5306732,DAL
10/25/2017,53.26,53.3,52.125,52.235,5076216,DAL
10/26/2017,52.87,53.62,50.74,50.93,10913632,DAL
10/27/2017,50.92,51.24,49.95,50.56,7573999,DAL
10/30/2017,50.22,50.67,50.01,50.33,3960513,DAL
10/31/2017,50.3,50.56,49.945,50.03,4755363,DAL
11/1/2017,50.19,50.93,49.95,50.35,5833718,DAL
11/2/2017,50.48,50.49,49.641,50.34,6437240,DAL
11/3/2017,50.49,50.69,49.8808,50.4,4144974,DAL
11/6/2017,50.4,51.17,50.28,50.57,6259870,DAL
11/7/2017,50.57,50.62,49.76,49.91,4426987,DAL
11/8/2017,49.75,50.395,49.46,50.06,3512191,DAL
11/9/2017,49.7,49.99,49.11,49.19,5583164,DAL
11/10/2017,49.19,49.3699,48.83,48.89,7048470,DAL
11/13/2017,48.6,48.9,48.33,48.86,5182531,DAL
11/14/2017,48.82,48.99,48.56,48.9,4856188,DAL
11/15/2017,48.66,49.54,48.34,49.33,6561260,DAL
11/16/2017,49.46,50.65,49.42,50.45,6969946,DAL
11/17/2017,50.05,50.1899,49.53,49.82,5005557,DAL
11/20/2017,49.84,49.9,49.12,49.79,4254739,DAL
11/21/2017,50,50.68,49.7376,50.67,4833869,DAL
11/22/2017,50.54,50.83,50.27,50.41,4160185,DAL
11/24/2017,50.48,50.48,49.98,50.11,1841234,DAL
11/27/2017,50.05,50.16,49.4,49.59,5032320,DAL
11/28/2017,49.31,50.68,49.08,50.58,8571739,DAL
11/29/2017,50.83,52.75,50.7,52.1,10936421,DAL
11/30/2017,52.5,53.5,52.27,52.92,9432573,DAL
12/1/2017,52.55,53.58,51.7618,52.06,8853230,DAL
12/4/2017,53.27,54.1298,52.5,52.91,8867120,DAL
12/5/2017,53.11,53.17,52.3133,52.39,5536821,DAL
12/6/2017,52.21,52.78,52.09,52.3,4190369,DAL
12/7/2017,52,53.41,51.92,53.41,7115242,DAL
12/8/2017,53.95,54.62,53.37,53.46,6642668,DAL
12/11/2017,53.72,54.86,53.5,54.37,7356031,DAL
12/12/2017,54.47,54.79,53.54,53.62,6030537,DAL
12/13/2017,53.81,53.97,53.13,53.63,6289264,DAL
12/14/2017,54.74,55.6,53.9223,55.25,13621818,DAL
12/15/2017,55.61,56.49,55.36,56.1,14378900,DAL
12/18/2017,56.54,56.77,55.885,56.07,8709849,DAL
12/19/2017,55.95,56.38,55.491,55.75,6444072,DAL
12/20/2017,55.98,56.61,55.68,56.22,7234687,DAL
12/21/2017,56.54,56.84,55.9,56.03,8245119,DAL
12/22/2017,56.08,56.225,55.87,56.03,3891774,DAL
12/26/2017,55.9,56.78,55.885,56.43,3276736,DAL
12/27/2017,56.37,56.49,55.92,56.12,3766412,DAL
12/28/2017,56.18,56.51,55.99,56.35,3651781,DAL
12/29/2017,56.53,56.69,55.99,56,3120196,DAL
1/2/2018,56.29,56.74,55.87,56.74,5297601,DAL
1/3/2018,56.47,56.6,55.0736,55.69,9332031,DAL
1/4/2018,55.73,55.86,54.93,55.69,9026090,DAL
1/5/2018,55.72,56.045,55.4,55.97,5191272,DAL
1/8/2018,55.92,56.03,54.495,54.68,9654671,DAL
1/9/2018,54.8,55.22,53.88,54.17,10374706,DAL
1/10/2018,54.74,55.95,54.72,55.86,12318257,DAL
1/11/2018,57.1,59.2,56.26,58.52,25935290,DAL
1/12/2018,59.11,60.5,58.91,59.83,12268422,DAL
1/16/2018,60.2,60.79,58.9,59.35,12082914,DAL
1/17/2018,59.63,60.1589,59.4701,59.72,6088132,DAL
1/18/2018,59.8,60.05,59.23,59.45,5846637,DAL
1/19/2018,59.69,60.02,59.08,60.01,6192397,DAL
1/22/2018,59.9,60.16,59.39,60.13,7055621,DAL
1/23/2018,60.1,60.28,59.41,59.93,7427127,DAL
1/24/2018,56.44,57.14,55.56,56.8,21197903,DAL
1/25/2018,57,57.14,54.49,54.81,18385760,DAL
1/26/2018,55.31,55.9,54.83,55.26,9431541,DAL
1/29/2018,55,56.2,55,55.76,8781660,DAL
1/30/2018,55.6,56.54,55.42,56.12,7026841,DAL
1/31/2018,56.3,57.27,56.24,56.77,8609582,DAL
2/1/2018,56.51,57.18,56,56.42,5492898,DAL
2/2/2018,56.08,56.269,54.54,54.62,8963034,DAL
2/5/2018,54,54.72,52.5,52.52,9476720,DAL
2/6/2018,51.87,53.5,51.26,53.1,12240794,DAL
2/7/2018,52.83,54.45,52.8,53.85,8995436,DAL
